"_raw",index,host,source,sourcetype
"127.0.0.1 - admin [16/Jan/2017:19:37:00.239 -0800] ""GET /en-US/splunkd/__raw/services/search/jobs?output_mode=json&id=rt_admin__admin_c3BsdW5rdGVsX2RlbW8__search3_rt_1484610657.22&count=1&_=1484610667158 HTTP/1.1"" 200 7454 ""http://localhost:8000/en-US/app/splunktel_demo/download_dashboard"" ""Mozilla/5.0 (Windows NT 10.0; Win64; x64) AppleWebKit/537.36 (KHTML, like Gecko) Chrome/55.0.2883.87 Safari/537.36"" - 5d767d38b5e765da98ddd5400bcffe88 7ms","_internal","csharp-x1c","C:\Splunk\var\log\splunk\splunkd_ui_access.log","splunkd_ui_access"
"127.0.0.1 - admin [16/Jan/2017:19:37:02.238 -0800] ""GET /en-US/splunkd/__raw/services/search/jobs?output_mode=json&id=rt_admin__admin_c3BsdW5rdGVsX2RlbW8__search3_rt_1484610657.22&count=1&_=1484610667159 HTTP/1.1"" 200 7454 ""http://localhost:8000/en-US/app/splunktel_demo/download_dashboard"" ""Mozilla/5.0 (Windows NT 10.0; Win64; x64) AppleWebKit/537.36 (KHTML, like Gecko) Chrome/55.0.2883.87 Safari/537.36"" - 5d767d38b5e765da98ddd5400bcffe88 8ms","_internal","csharp-x1c","C:\Splunk\var\log\splunk\splunkd_ui_access.log","splunkd_ui_access"
"127.0.0.1 - admin [16/Jan/2017:19:37:02.252 -0800] ""GET /en-US/splunkd/__raw/services/search/jobs/rt_admin__admin_c3BsdW5rdGVsX2RlbW8__search3_rt_1484610657.22/results_preview?output_mode=json_cols&show_metadata=true&show_empty_fields=True&offset=0&count=10000&_=1484610667160 HTTP/1.1"" 200 149 ""http://localhost:8000/en-US/app/splunktel_demo/download_dashboard"" ""Mozilla/5.0 (Windows NT 10.0; Win64; x64) AppleWebKit/537.36 (KHTML, like Gecko) Chrome/55.0.2883.87 Safari/537.36"" - 5d767d38b5e765da98ddd5400bcffe88 9ms","_internal","csharp-x1c","C:\Splunk\var\log\splunk\splunkd_ui_access.log","splunkd_ui_access"
"127.0.0.1 - admin [16/Jan/2017:19:37:04.239 -0800] ""GET /en-US/splunkd/__raw/services/search/jobs?output_mode=json&id=rt_admin__admin_c3BsdW5rdGVsX2RlbW8__search3_rt_1484610657.22&count=1&_=1484610667161 HTTP/1.1"" 200 7454 ""http://localhost:8000/en-US/app/splunktel_demo/download_dashboard"" ""Mozilla/5.0 (Windows NT 10.0; Win64; x64) AppleWebKit/537.36 (KHTML, like Gecko) Chrome/55.0.2883.87 Safari/537.36"" - 5d767d38b5e765da98ddd5400bcffe88 8ms","_internal","csharp-x1c","C:\Splunk\var\log\splunk\splunkd_ui_access.log","splunkd_ui_access"
"127.0.0.1 - admin [16/Jan/2017:19:37:04.254 -0800] ""GET /en-US/splunkd/__raw/services/search/jobs/rt_admin__admin_c3BsdW5rdGVsX2RlbW8__search3_rt_1484610657.22/results_preview?output_mode=json_cols&show_metadata=true&show_empty_fields=True&offset=0&count=10000&_=1484610667162 HTTP/1.1"" 200 149 ""http://localhost:8000/en-US/app/splunktel_demo/download_dashboard"" ""Mozilla/5.0 (Windows NT 10.0; Win64; x64) AppleWebKit/537.36 (KHTML, like Gecko) Chrome/55.0.2883.87 Safari/537.36"" - 5d767d38b5e765da98ddd5400bcffe88 9ms","_internal","csharp-x1c","C:\Splunk\var\log\splunk\splunkd_ui_access.log","splunkd_ui_access"
"127.0.0.1 - admin [16/Jan/2017:19:37:06.239 -0800] ""GET /en-US/splunkd/__raw/services/search/jobs?output_mode=json&id=rt_admin__admin_c3BsdW5rdGVsX2RlbW8__search3_rt_1484610657.22&count=1&_=1484610667163 HTTP/1.1"" 200 7454 ""http://localhost:8000/en-US/app/splunktel_demo/download_dashboard"" ""Mozilla/5.0 (Windows NT 10.0; Win64; x64) AppleWebKit/537.36 (KHTML, like Gecko) Chrome/55.0.2883.87 Safari/537.36"" - 5d767d38b5e765da98ddd5400bcffe88 8ms","_internal","csharp-x1c","C:\Splunk\var\log\splunk\splunkd_ui_access.log","splunkd_ui_access"
"127.0.0.1 - admin [16/Jan/2017:19:37:08.238 -0800] ""GET /en-US/splunkd/__raw/services/search/jobs?output_mode=json&id=rt_admin__admin_c3BsdW5rdGVsX2RlbW8__search3_rt_1484610657.22&count=1&_=1484610667164 HTTP/1.1"" 200 7454 ""http://localhost:8000/en-US/app/splunktel_demo/download_dashboard"" ""Mozilla/5.0 (Windows NT 10.0; Win64; x64) AppleWebKit/537.36 (KHTML, like Gecko) Chrome/55.0.2883.87 Safari/537.36"" - 5d767d38b5e765da98ddd5400bcffe88 8ms","_internal","csharp-x1c","C:\Splunk\var\log\splunk\splunkd_ui_access.log","splunkd_ui_access"
"127.0.0.1 - admin [16/Jan/2017:19:37:08.254 -0800] ""GET /en-US/splunkd/__raw/services/search/jobs/rt_admin__admin_c3BsdW5rdGVsX2RlbW8__search3_rt_1484610657.22/results_preview?output_mode=json_cols&show_metadata=true&show_empty_fields=True&offset=0&count=10000&_=1484610667165 HTTP/1.1"" 200 149 ""http://localhost:8000/en-US/app/splunktel_demo/download_dashboard"" ""Mozilla/5.0 (Windows NT 10.0; Win64; x64) AppleWebKit/537.36 (KHTML, like Gecko) Chrome/55.0.2883.87 Safari/537.36"" - 5d767d38b5e765da98ddd5400bcffe88 8ms","_internal","csharp-x1c","C:\Splunk\var\log\splunk\splunkd_ui_access.log","splunkd_ui_access"
"127.0.0.1 - admin [16/Jan/2017:19:37:10.238 -0800] ""GET /en-US/splunkd/__raw/services/search/jobs?output_mode=json&id=rt_admin__admin_c3BsdW5rdGVsX2RlbW8__search3_rt_1484610657.22&count=1&_=1484610667166 HTTP/1.1"" 200 7454 ""http://localhost:8000/en-US/app/splunktel_demo/download_dashboard"" ""Mozilla/5.0 (Windows NT 10.0; Win64; x64) AppleWebKit/537.36 (KHTML, like Gecko) Chrome/55.0.2883.87 Safari/537.36"" - 5d767d38b5e765da98ddd5400bcffe88 7ms","_internal","csharp-x1c","C:\Splunk\var\log\splunk\splunkd_ui_access.log","splunkd_ui_access"
"127.0.0.1 - admin [16/Jan/2017:19:37:10.253 -0800] ""GET /en-US/splunkd/__raw/services/search/jobs/rt_admin__admin_c3BsdW5rdGVsX2RlbW8__search3_rt_1484610657.22/results_preview?output_mode=json_cols&show_metadata=true&show_empty_fields=True&offset=0&count=10000&_=1484610667167 HTTP/1.1"" 200 149 ""http://localhost:8000/en-US/app/splunktel_demo/download_dashboard"" ""Mozilla/5.0 (Windows NT 10.0; Win64; x64) AppleWebKit/537.36 (KHTML, like Gecko) Chrome/55.0.2883.87 Safari/537.36"" - 5d767d38b5e765da98ddd5400bcffe88 10ms","_internal","csharp-x1c","C:\Splunk\var\log\splunk\splunkd_ui_access.log","splunkd_ui_access"
"127.0.0.1 - admin [16/Jan/2017:19:37:12.238 -0800] ""GET /en-US/splunkd/__raw/services/search/jobs?output_mode=json&id=rt_admin__admin_c3BsdW5rdGVsX2RlbW8__search3_rt_1484610657.22&count=1&_=1484610667168 HTTP/1.1"" 200 7454 ""http://localhost:8000/en-US/app/splunktel_demo/download_dashboard"" ""Mozilla/5.0 (Windows NT 10.0; Win64; x64) AppleWebKit/537.36 (KHTML, like Gecko) Chrome/55.0.2883.87 Safari/537.36"" - 5d767d38b5e765da98ddd5400bcffe88 9ms","_internal","csharp-x1c","C:\Splunk\var\log\splunk\splunkd_ui_access.log","splunkd_ui_access"
"127.0.0.1 - admin [16/Jan/2017:19:37:14.238 -0800] ""GET /en-US/splunkd/__raw/services/search/jobs?output_mode=json&id=rt_admin__admin_c3BsdW5rdGVsX2RlbW8__search3_rt_1484610657.22&count=1&_=1484610667169 HTTP/1.1"" 200 7454 ""http://localhost:8000/en-US/app/splunktel_demo/download_dashboard"" ""Mozilla/5.0 (Windows NT 10.0; Win64; x64) AppleWebKit/537.36 (KHTML, like Gecko) Chrome/55.0.2883.87 Safari/537.36"" - 5d767d38b5e765da98ddd5400bcffe88 11ms","_internal","csharp-x1c","C:\Splunk\var\log\splunk\splunkd_ui_access.log","splunkd_ui_access"
"127.0.0.1 - admin [16/Jan/2017:19:37:14.257 -0800] ""GET /en-US/splunkd/__raw/services/search/jobs/rt_admin__admin_c3BsdW5rdGVsX2RlbW8__search3_rt_1484610657.22/results_preview?output_mode=json_cols&show_metadata=true&show_empty_fields=True&offset=0&count=10000&_=1484610667170 HTTP/1.1"" 200 149 ""http://localhost:8000/en-US/app/splunktel_demo/download_dashboard"" ""Mozilla/5.0 (Windows NT 10.0; Win64; x64) AppleWebKit/537.36 (KHTML, like Gecko) Chrome/55.0.2883.87 Safari/537.36"" - 5d767d38b5e765da98ddd5400bcffe88 9ms","_internal","csharp-x1c","C:\Splunk\var\log\splunk\splunkd_ui_access.log","splunkd_ui_access"
"127.0.0.1 - admin [16/Jan/2017:19:37:16.238 -0800] ""GET /en-US/splunkd/__raw/services/search/jobs?output_mode=json&id=rt_admin__admin_c3BsdW5rdGVsX2RlbW8__search3_rt_1484610657.22&count=1&_=1484610667171 HTTP/1.1"" 200 7454 ""http://localhost:8000/en-US/app/splunktel_demo/download_dashboard"" ""Mozilla/5.0 (Windows NT 10.0; Win64; x64) AppleWebKit/537.36 (KHTML, like Gecko) Chrome/55.0.2883.87 Safari/537.36"" - 5d767d38b5e765da98ddd5400bcffe88 8ms","_internal","csharp-x1c","C:\Splunk\var\log\splunk\splunkd_ui_access.log","splunkd_ui_access"
"127.0.0.1 - admin [16/Jan/2017:19:37:16.253 -0800] ""GET /en-US/splunkd/__raw/services/search/jobs/rt_admin__admin_c3BsdW5rdGVsX2RlbW8__search3_rt_1484610657.22/results_preview?output_mode=json_cols&show_metadata=true&show_empty_fields=True&offset=0&count=10000&_=1484610667172 HTTP/1.1"" 200 149 ""http://localhost:8000/en-US/app/splunktel_demo/download_dashboard"" ""Mozilla/5.0 (Windows NT 10.0; Win64; x64) AppleWebKit/537.36 (KHTML, like Gecko) Chrome/55.0.2883.87 Safari/537.36"" - 5d767d38b5e765da98ddd5400bcffe88 9ms","_internal","csharp-x1c","C:\Splunk\var\log\splunk\splunkd_ui_access.log","splunkd_ui_access"
"127.0.0.1 - admin [16/Jan/2017:19:37:18.239 -0800] ""GET /en-US/splunkd/__raw/services/search/jobs?output_mode=json&id=rt_admin__admin_c3BsdW5rdGVsX2RlbW8__search3_rt_1484610657.22&count=1&_=1484610667173 HTTP/1.1"" 200 7454 ""http://localhost:8000/en-US/app/splunktel_demo/download_dashboard"" ""Mozilla/5.0 (Windows NT 10.0; Win64; x64) AppleWebKit/537.36 (KHTML, like Gecko) Chrome/55.0.2883.87 Safari/537.36"" - 5d767d38b5e765da98ddd5400bcffe88 11ms","_internal","csharp-x1c","C:\Splunk\var\log\splunk\splunkd_ui_access.log","splunkd_ui_access"
"127.0.0.1 - admin [16/Jan/2017:19:37:20.239 -0800] ""GET /en-US/splunkd/__raw/services/search/jobs?output_mode=json&id=rt_admin__admin_c3BsdW5rdGVsX2RlbW8__search3_rt_1484610657.22&count=1&_=1484610667174 HTTP/1.1"" 200 7454 ""http://localhost:8000/en-US/app/splunktel_demo/download_dashboard"" ""Mozilla/5.0 (Windows NT 10.0; Win64; x64) AppleWebKit/537.36 (KHTML, like Gecko) Chrome/55.0.2883.87 Safari/537.36"" - 5d767d38b5e765da98ddd5400bcffe88 11ms","_internal","csharp-x1c","C:\Splunk\var\log\splunk\splunkd_ui_access.log","splunkd_ui_access"
"127.0.0.1 - admin [16/Jan/2017:19:37:20.257 -0800] ""GET /en-US/splunkd/__raw/services/search/jobs/rt_admin__admin_c3BsdW5rdGVsX2RlbW8__search3_rt_1484610657.22/results_preview?output_mode=json_cols&show_metadata=true&show_empty_fields=True&offset=0&count=10000&_=1484610667175 HTTP/1.1"" 200 149 ""http://localhost:8000/en-US/app/splunktel_demo/download_dashboard"" ""Mozilla/5.0 (Windows NT 10.0; Win64; x64) AppleWebKit/537.36 (KHTML, like Gecko) Chrome/55.0.2883.87 Safari/537.36"" - 5d767d38b5e765da98ddd5400bcffe88 8ms","_internal","csharp-x1c","C:\Splunk\var\log\splunk\splunkd_ui_access.log","splunkd_ui_access"
"127.0.0.1 - admin [16/Jan/2017:19:37:22.238 -0800] ""GET /en-US/splunkd/__raw/services/search/jobs?output_mode=json&id=rt_admin__admin_c3BsdW5rdGVsX2RlbW8__search3_rt_1484610657.22&count=1&_=1484610667176 HTTP/1.1"" 200 7454 ""http://localhost:8000/en-US/app/splunktel_demo/download_dashboard"" ""Mozilla/5.0 (Windows NT 10.0; Win64; x64) AppleWebKit/537.36 (KHTML, like Gecko) Chrome/55.0.2883.87 Safari/537.36"" - 5d767d38b5e765da98ddd5400bcffe88 8ms","_internal","csharp-x1c","C:\Splunk\var\log\splunk\splunkd_ui_access.log","splunkd_ui_access"
"127.0.0.1 - admin [16/Jan/2017:19:37:22.255 -0800] ""GET /en-US/splunkd/__raw/services/search/jobs/rt_admin__admin_c3BsdW5rdGVsX2RlbW8__search3_rt_1484610657.22/results_preview?output_mode=json_cols&show_metadata=true&show_empty_fields=True&offset=0&count=10000&_=1484610667177 HTTP/1.1"" 200 149 ""http://localhost:8000/en-US/app/splunktel_demo/download_dashboard"" ""Mozilla/5.0 (Windows NT 10.0; Win64; x64) AppleWebKit/537.36 (KHTML, like Gecko) Chrome/55.0.2883.87 Safari/537.36"" - 5d767d38b5e765da98ddd5400bcffe88 29ms","_internal","csharp-x1c","C:\Splunk\var\log\splunk\splunkd_ui_access.log","splunkd_ui_access"
"127.0.0.1 - admin [16/Jan/2017:19:37:24.239 -0800] ""GET /en-US/splunkd/__raw/services/search/jobs?output_mode=json&id=rt_admin__admin_c3BsdW5rdGVsX2RlbW8__search3_rt_1484610657.22&count=1&_=1484610667178 HTTP/1.1"" 200 7454 ""http://localhost:8000/en-US/app/splunktel_demo/download_dashboard"" ""Mozilla/5.0 (Windows NT 10.0; Win64; x64) AppleWebKit/537.36 (KHTML, like Gecko) Chrome/55.0.2883.87 Safari/537.36"" - 5d767d38b5e765da98ddd5400bcffe88 7ms","_internal","csharp-x1c","C:\Splunk\var\log\splunk\splunkd_ui_access.log","splunkd_ui_access"
"127.0.0.1 - admin [16/Jan/2017:19:37:26.238 -0800] ""GET /en-US/splunkd/__raw/services/search/jobs?output_mode=json&id=rt_admin__admin_c3BsdW5rdGVsX2RlbW8__search3_rt_1484610657.22&count=1&_=1484610667179 HTTP/1.1"" 200 7454 ""http://localhost:8000/en-US/app/splunktel_demo/download_dashboard"" ""Mozilla/5.0 (Windows NT 10.0; Win64; x64) AppleWebKit/537.36 (KHTML, like Gecko) Chrome/55.0.2883.87 Safari/537.36"" - 5d767d38b5e765da98ddd5400bcffe88 8ms","_internal","csharp-x1c","C:\Splunk\var\log\splunk\splunkd_ui_access.log","splunkd_ui_access"
"127.0.0.1 - admin [16/Jan/2017:19:37:26.255 -0800] ""GET /en-US/splunkd/__raw/services/search/jobs/rt_admin__admin_c3BsdW5rdGVsX2RlbW8__search3_rt_1484610657.22/results_preview?output_mode=json_cols&show_metadata=true&show_empty_fields=True&offset=0&count=10000&_=1484610667180 HTTP/1.1"" 200 149 ""http://localhost:8000/en-US/app/splunktel_demo/download_dashboard"" ""Mozilla/5.0 (Windows NT 10.0; Win64; x64) AppleWebKit/537.36 (KHTML, like Gecko) Chrome/55.0.2883.87 Safari/537.36"" - 5d767d38b5e765da98ddd5400bcffe88 10ms","_internal","csharp-x1c","C:\Splunk\var\log\splunk\splunkd_ui_access.log","splunkd_ui_access"
"127.0.0.1 - admin [16/Jan/2017:19:37:28.238 -0800] ""GET /en-US/splunkd/__raw/services/search/jobs?output_mode=json&id=rt_admin__admin_c3BsdW5rdGVsX2RlbW8__search3_rt_1484610657.22&count=1&_=1484610667181 HTTP/1.1"" 200 7454 ""http://localhost:8000/en-US/app/splunktel_demo/download_dashboard"" ""Mozilla/5.0 (Windows NT 10.0; Win64; x64) AppleWebKit/537.36 (KHTML, like Gecko) Chrome/55.0.2883.87 Safari/537.36"" - 5d767d38b5e765da98ddd5400bcffe88 10ms","_internal","csharp-x1c","C:\Splunk\var\log\splunk\splunkd_ui_access.log","splunkd_ui_access"
"127.0.0.1 - admin [16/Jan/2017:19:37:28.255 -0800] ""GET /en-US/splunkd/__raw/services/search/jobs/rt_admin__admin_c3BsdW5rdGVsX2RlbW8__search3_rt_1484610657.22/results_preview?output_mode=json_cols&show_metadata=true&show_empty_fields=True&offset=0&count=10000&_=1484610667182 HTTP/1.1"" 200 149 ""http://localhost:8000/en-US/app/splunktel_demo/download_dashboard"" ""Mozilla/5.0 (Windows NT 10.0; Win64; x64) AppleWebKit/537.36 (KHTML, like Gecko) Chrome/55.0.2883.87 Safari/537.36"" - 5d767d38b5e765da98ddd5400bcffe88 9ms","_internal","csharp-x1c","C:\Splunk\var\log\splunk\splunkd_ui_access.log","splunkd_ui_access"
"127.0.0.1 - admin [16/Jan/2017:19:37:30.238 -0800] ""GET /en-US/splunkd/__raw/services/search/jobs?output_mode=json&id=rt_admin__admin_c3BsdW5rdGVsX2RlbW8__search3_rt_1484610657.22&count=1&_=1484610667183 HTTP/1.1"" 200 7454 ""http://localhost:8000/en-US/app/splunktel_demo/download_dashboard"" ""Mozilla/5.0 (Windows NT 10.0; Win64; x64) AppleWebKit/537.36 (KHTML, like Gecko) Chrome/55.0.2883.87 Safari/537.36"" - 5d767d38b5e765da98ddd5400bcffe88 8ms","_internal","csharp-x1c","C:\Splunk\var\log\splunk\splunkd_ui_access.log","splunkd_ui_access"
"127.0.0.1 - admin [16/Jan/2017:19:37:32.238 -0800] ""GET /en-US/splunkd/__raw/services/search/jobs?output_mode=json&id=rt_admin__admin_c3BsdW5rdGVsX2RlbW8__search3_rt_1484610657.22&count=1&_=1484610667184 HTTP/1.1"" 200 7454 ""http://localhost:8000/en-US/app/splunktel_demo/download_dashboard"" ""Mozilla/5.0 (Windows NT 10.0; Win64; x64) AppleWebKit/537.36 (KHTML, like Gecko) Chrome/55.0.2883.87 Safari/537.36"" - 5d767d38b5e765da98ddd5400bcffe88 10ms","_internal","csharp-x1c","C:\Splunk\var\log\splunk\splunkd_ui_access.log","splunkd_ui_access"
"127.0.0.1 - admin [16/Jan/2017:19:37:32.253 -0800] ""GET /en-US/splunkd/__raw/services/search/jobs/rt_admin__admin_c3BsdW5rdGVsX2RlbW8__search3_rt_1484610657.22/results_preview?output_mode=json_cols&show_metadata=true&show_empty_fields=True&offset=0&count=10000&_=1484610667185 HTTP/1.1"" 200 149 ""http://localhost:8000/en-US/app/splunktel_demo/download_dashboard"" ""Mozilla/5.0 (Windows NT 10.0; Win64; x64) AppleWebKit/537.36 (KHTML, like Gecko) Chrome/55.0.2883.87 Safari/537.36"" - 5d767d38b5e765da98ddd5400bcffe88 10ms","_internal","csharp-x1c","C:\Splunk\var\log\splunk\splunkd_ui_access.log","splunkd_ui_access"
"127.0.0.1 - admin [16/Jan/2017:19:37:34.238 -0800] ""GET /en-US/splunkd/__raw/services/search/jobs?output_mode=json&id=rt_admin__admin_c3BsdW5rdGVsX2RlbW8__search3_rt_1484610657.22&count=1&_=1484610667186 HTTP/1.1"" 200 7454 ""http://localhost:8000/en-US/app/splunktel_demo/download_dashboard"" ""Mozilla/5.0 (Windows NT 10.0; Win64; x64) AppleWebKit/537.36 (KHTML, like Gecko) Chrome/55.0.2883.87 Safari/537.36"" - 5d767d38b5e765da98ddd5400bcffe88 8ms","_internal","csharp-x1c","C:\Splunk\var\log\splunk\splunkd_ui_access.log","splunkd_ui_access"
"127.0.0.1 - admin [16/Jan/2017:19:37:34.251 -0800] ""GET /en-US/splunkd/__raw/services/search/jobs/rt_admin__admin_c3BsdW5rdGVsX2RlbW8__search3_rt_1484610657.22/results_preview?output_mode=json_cols&show_metadata=true&show_empty_fields=True&offset=0&count=10000&_=1484610667187 HTTP/1.1"" 200 149 ""http://localhost:8000/en-US/app/splunktel_demo/download_dashboard"" ""Mozilla/5.0 (Windows NT 10.0; Win64; x64) AppleWebKit/537.36 (KHTML, like Gecko) Chrome/55.0.2883.87 Safari/537.36"" - 5d767d38b5e765da98ddd5400bcffe88 9ms","_internal","csharp-x1c","C:\Splunk\var\log\splunk\splunkd_ui_access.log","splunkd_ui_access"
"127.0.0.1 - admin [16/Jan/2017:19:37:36.240 -0800] ""GET /en-US/splunkd/__raw/services/search/jobs?output_mode=json&id=rt_admin__admin_c3BsdW5rdGVsX2RlbW8__search3_rt_1484610657.22&count=1&_=1484610667188 HTTP/1.1"" 200 7454 ""http://localhost:8000/en-US/app/splunktel_demo/download_dashboard"" ""Mozilla/5.0 (Windows NT 10.0; Win64; x64) AppleWebKit/537.36 (KHTML, like Gecko) Chrome/55.0.2883.87 Safari/537.36"" - 5d767d38b5e765da98ddd5400bcffe88 9ms","_internal","csharp-x1c","C:\Splunk\var\log\splunk\splunkd_ui_access.log","splunkd_ui_access"
"127.0.0.1 - admin [16/Jan/2017:19:37:38.238 -0800] ""GET /en-US/splunkd/__raw/services/search/jobs?output_mode=json&id=rt_admin__admin_c3BsdW5rdGVsX2RlbW8__search3_rt_1484610657.22&count=1&_=1484610667189 HTTP/1.1"" 200 7454 ""http://localhost:8000/en-US/app/splunktel_demo/download_dashboard"" ""Mozilla/5.0 (Windows NT 10.0; Win64; x64) AppleWebKit/537.36 (KHTML, like Gecko) Chrome/55.0.2883.87 Safari/537.36"" - 5d767d38b5e765da98ddd5400bcffe88 8ms","_internal","csharp-x1c","C:\Splunk\var\log\splunk\splunkd_ui_access.log","splunkd_ui_access"
"127.0.0.1 - admin [16/Jan/2017:19:37:38.253 -0800] ""GET /en-US/splunkd/__raw/services/search/jobs/rt_admin__admin_c3BsdW5rdGVsX2RlbW8__search3_rt_1484610657.22/results_preview?output_mode=json_cols&show_metadata=true&show_empty_fields=True&offset=0&count=10000&_=1484610667190 HTTP/1.1"" 200 149 ""http://localhost:8000/en-US/app/splunktel_demo/download_dashboard"" ""Mozilla/5.0 (Windows NT 10.0; Win64; x64) AppleWebKit/537.36 (KHTML, like Gecko) Chrome/55.0.2883.87 Safari/537.36"" - 5d767d38b5e765da98ddd5400bcffe88 9ms","_internal","csharp-x1c","C:\Splunk\var\log\splunk\splunkd_ui_access.log","splunkd_ui_access"
"127.0.0.1 - admin [16/Jan/2017:19:37:40.238 -0800] ""GET /en-US/splunkd/__raw/services/search/jobs?output_mode=json&id=rt_admin__admin_c3BsdW5rdGVsX2RlbW8__search3_rt_1484610657.22&count=1&_=1484610667191 HTTP/1.1"" 200 7454 ""http://localhost:8000/en-US/app/splunktel_demo/download_dashboard"" ""Mozilla/5.0 (Windows NT 10.0; Win64; x64) AppleWebKit/537.36 (KHTML, like Gecko) Chrome/55.0.2883.87 Safari/537.36"" - 5d767d38b5e765da98ddd5400bcffe88 9ms","_internal","csharp-x1c","C:\Splunk\var\log\splunk\splunkd_ui_access.log","splunkd_ui_access"
"127.0.0.1 - admin [16/Jan/2017:19:37:40.255 -0800] ""GET /en-US/splunkd/__raw/services/search/jobs/rt_admin__admin_c3BsdW5rdGVsX2RlbW8__search3_rt_1484610657.22/results_preview?output_mode=json_cols&show_metadata=true&show_empty_fields=True&offset=0&count=10000&_=1484610667192 HTTP/1.1"" 200 149 ""http://localhost:8000/en-US/app/splunktel_demo/download_dashboard"" ""Mozilla/5.0 (Windows NT 10.0; Win64; x64) AppleWebKit/537.36 (KHTML, like Gecko) Chrome/55.0.2883.87 Safari/537.36"" - 5d767d38b5e765da98ddd5400bcffe88 9ms","_internal","csharp-x1c","C:\Splunk\var\log\splunk\splunkd_ui_access.log","splunkd_ui_access"
"127.0.0.1 - admin [16/Jan/2017:19:37:42.238 -0800] ""GET /en-US/splunkd/__raw/services/search/jobs?output_mode=json&id=rt_admin__admin_c3BsdW5rdGVsX2RlbW8__search3_rt_1484610657.22&count=1&_=1484610667193 HTTP/1.1"" 200 7454 ""http://localhost:8000/en-US/app/splunktel_demo/download_dashboard"" ""Mozilla/5.0 (Windows NT 10.0; Win64; x64) AppleWebKit/537.36 (KHTML, like Gecko) Chrome/55.0.2883.87 Safari/537.36"" - 5d767d38b5e765da98ddd5400bcffe88 9ms","_internal","csharp-x1c","C:\Splunk\var\log\splunk\splunkd_ui_access.log","splunkd_ui_access"
"127.0.0.1 - admin [16/Jan/2017:19:37:44.239 -0800] ""GET /en-US/splunkd/__raw/services/search/jobs?output_mode=json&id=rt_admin__admin_c3BsdW5rdGVsX2RlbW8__search3_rt_1484610657.22&count=1&_=1484610667194 HTTP/1.1"" 200 7454 ""http://localhost:8000/en-US/app/splunktel_demo/download_dashboard"" ""Mozilla/5.0 (Windows NT 10.0; Win64; x64) AppleWebKit/537.36 (KHTML, like Gecko) Chrome/55.0.2883.87 Safari/537.36"" - 5d767d38b5e765da98ddd5400bcffe88 12ms","_internal","csharp-x1c","C:\Splunk\var\log\splunk\splunkd_ui_access.log","splunkd_ui_access"
"127.0.0.1 - admin [16/Jan/2017:19:37:44.261 -0800] ""GET /en-US/splunkd/__raw/services/search/jobs/rt_admin__admin_c3BsdW5rdGVsX2RlbW8__search3_rt_1484610657.22/results_preview?output_mode=json_cols&show_metadata=true&show_empty_fields=True&offset=0&count=10000&_=1484610667195 HTTP/1.1"" 200 149 ""http://localhost:8000/en-US/app/splunktel_demo/download_dashboard"" ""Mozilla/5.0 (Windows NT 10.0; Win64; x64) AppleWebKit/537.36 (KHTML, like Gecko) Chrome/55.0.2883.87 Safari/537.36"" - 5d767d38b5e765da98ddd5400bcffe88 11ms","_internal","csharp-x1c","C:\Splunk\var\log\splunk\splunkd_ui_access.log","splunkd_ui_access"
"127.0.0.1 - admin [16/Jan/2017:19:37:46.239 -0800] ""GET /en-US/splunkd/__raw/services/search/jobs?output_mode=json&id=rt_admin__admin_c3BsdW5rdGVsX2RlbW8__search3_rt_1484610657.22&count=1&_=1484610667196 HTTP/1.1"" 200 7454 ""http://localhost:8000/en-US/app/splunktel_demo/download_dashboard"" ""Mozilla/5.0 (Windows NT 10.0; Win64; x64) AppleWebKit/537.36 (KHTML, like Gecko) Chrome/55.0.2883.87 Safari/537.36"" - 5d767d38b5e765da98ddd5400bcffe88 8ms","_internal","csharp-x1c","C:\Splunk\var\log\splunk\splunkd_ui_access.log","splunkd_ui_access"
"127.0.0.1 - admin [16/Jan/2017:19:37:46.255 -0800] ""GET /en-US/splunkd/__raw/services/search/jobs/rt_admin__admin_c3BsdW5rdGVsX2RlbW8__search3_rt_1484610657.22/results_preview?output_mode=json_cols&show_metadata=true&show_empty_fields=True&offset=0&count=10000&_=1484610667197 HTTP/1.1"" 200 149 ""http://localhost:8000/en-US/app/splunktel_demo/download_dashboard"" ""Mozilla/5.0 (Windows NT 10.0; Win64; x64) AppleWebKit/537.36 (KHTML, like Gecko) Chrome/55.0.2883.87 Safari/537.36"" - 5d767d38b5e765da98ddd5400bcffe88 9ms","_internal","csharp-x1c","C:\Splunk\var\log\splunk\splunkd_ui_access.log","splunkd_ui_access"
"127.0.0.1 - admin [16/Jan/2017:19:37:48.239 -0800] ""GET /en-US/splunkd/__raw/services/search/jobs?output_mode=json&id=rt_admin__admin_c3BsdW5rdGVsX2RlbW8__search3_rt_1484610657.22&count=1&_=1484610667198 HTTP/1.1"" 200 7454 ""http://localhost:8000/en-US/app/splunktel_demo/download_dashboard"" ""Mozilla/5.0 (Windows NT 10.0; Win64; x64) AppleWebKit/537.36 (KHTML, like Gecko) Chrome/55.0.2883.87 Safari/537.36"" - 5d767d38b5e765da98ddd5400bcffe88 8ms","_internal","csharp-x1c","C:\Splunk\var\log\splunk\splunkd_ui_access.log","splunkd_ui_access"
"127.0.0.1 - admin [16/Jan/2017:19:37:50.241 -0800] ""GET /en-US/splunkd/__raw/services/search/jobs?output_mode=json&id=rt_admin__admin_c3BsdW5rdGVsX2RlbW8__search3_rt_1484610657.22&count=1&_=1484610667199 HTTP/1.1"" 200 7454 ""http://localhost:8000/en-US/app/splunktel_demo/download_dashboard"" ""Mozilla/5.0 (Windows NT 10.0; Win64; x64) AppleWebKit/537.36 (KHTML, like Gecko) Chrome/55.0.2883.87 Safari/537.36"" - 5d767d38b5e765da98ddd5400bcffe88 7ms","_internal","csharp-x1c","C:\Splunk\var\log\splunk\splunkd_ui_access.log","splunkd_ui_access"
"127.0.0.1 - admin [16/Jan/2017:19:37:50.256 -0800] ""GET /en-US/splunkd/__raw/services/search/jobs/rt_admin__admin_c3BsdW5rdGVsX2RlbW8__search3_rt_1484610657.22/results_preview?output_mode=json_cols&show_metadata=true&show_empty_fields=True&offset=0&count=10000&_=1484610667200 HTTP/1.1"" 200 149 ""http://localhost:8000/en-US/app/splunktel_demo/download_dashboard"" ""Mozilla/5.0 (Windows NT 10.0; Win64; x64) AppleWebKit/537.36 (KHTML, like Gecko) Chrome/55.0.2883.87 Safari/537.36"" - 5d767d38b5e765da98ddd5400bcffe88 8ms","_internal","csharp-x1c","C:\Splunk\var\log\splunk\splunkd_ui_access.log","splunkd_ui_access"
"127.0.0.1 - admin [16/Jan/2017:19:37:52.239 -0800] ""GET /en-US/splunkd/__raw/services/search/jobs?output_mode=json&id=rt_admin__admin_c3BsdW5rdGVsX2RlbW8__search3_rt_1484610657.22&count=1&_=1484610667201 HTTP/1.1"" 200 7454 ""http://localhost:8000/en-US/app/splunktel_demo/download_dashboard"" ""Mozilla/5.0 (Windows NT 10.0; Win64; x64) AppleWebKit/537.36 (KHTML, like Gecko) Chrome/55.0.2883.87 Safari/537.36"" - 5d767d38b5e765da98ddd5400bcffe88 8ms","_internal","csharp-x1c","C:\Splunk\var\log\splunk\splunkd_ui_access.log","splunkd_ui_access"
"127.0.0.1 - admin [16/Jan/2017:19:37:52.253 -0800] ""GET /en-US/splunkd/__raw/services/search/jobs/rt_admin__admin_c3BsdW5rdGVsX2RlbW8__search3_rt_1484610657.22/results_preview?output_mode=json_cols&show_metadata=true&show_empty_fields=True&offset=0&count=10000&_=1484610667202 HTTP/1.1"" 200 149 ""http://localhost:8000/en-US/app/splunktel_demo/download_dashboard"" ""Mozilla/5.0 (Windows NT 10.0; Win64; x64) AppleWebKit/537.36 (KHTML, like Gecko) Chrome/55.0.2883.87 Safari/537.36"" - 5d767d38b5e765da98ddd5400bcffe88 9ms","_internal","csharp-x1c","C:\Splunk\var\log\splunk\splunkd_ui_access.log","splunkd_ui_access"
"127.0.0.1 - admin [16/Jan/2017:19:37:54.238 -0800] ""GET /en-US/splunkd/__raw/services/search/jobs?output_mode=json&id=rt_admin__admin_c3BsdW5rdGVsX2RlbW8__search3_rt_1484610657.22&count=1&_=1484610667203 HTTP/1.1"" 200 7454 ""http://localhost:8000/en-US/app/splunktel_demo/download_dashboard"" ""Mozilla/5.0 (Windows NT 10.0; Win64; x64) AppleWebKit/537.36 (KHTML, like Gecko) Chrome/55.0.2883.87 Safari/537.36"" - 5d767d38b5e765da98ddd5400bcffe88 9ms","_internal","csharp-x1c","C:\Splunk\var\log\splunk\splunkd_ui_access.log","splunkd_ui_access"
"127.0.0.1 - admin [16/Jan/2017:19:37:56.238 -0800] ""GET /en-US/splunkd/__raw/services/search/jobs?output_mode=json&id=rt_admin__admin_c3BsdW5rdGVsX2RlbW8__search3_rt_1484610657.22&count=1&_=1484610667204 HTTP/1.1"" 200 7454 ""http://localhost:8000/en-US/app/splunktel_demo/download_dashboard"" ""Mozilla/5.0 (Windows NT 10.0; Win64; x64) AppleWebKit/537.36 (KHTML, like Gecko) Chrome/55.0.2883.87 Safari/537.36"" - 5d767d38b5e765da98ddd5400bcffe88 10ms","_internal","csharp-x1c","C:\Splunk\var\log\splunk\splunkd_ui_access.log","splunkd_ui_access"
"127.0.0.1 - admin [16/Jan/2017:19:37:56.254 -0800] ""GET /en-US/splunkd/__raw/services/search/jobs/rt_admin__admin_c3BsdW5rdGVsX2RlbW8__search3_rt_1484610657.22/results_preview?output_mode=json_cols&show_metadata=true&show_empty_fields=True&offset=0&count=10000&_=1484610667205 HTTP/1.1"" 200 149 ""http://localhost:8000/en-US/app/splunktel_demo/download_dashboard"" ""Mozilla/5.0 (Windows NT 10.0; Win64; x64) AppleWebKit/537.36 (KHTML, like Gecko) Chrome/55.0.2883.87 Safari/537.36"" - 5d767d38b5e765da98ddd5400bcffe88 9ms","_internal","csharp-x1c","C:\Splunk\var\log\splunk\splunkd_ui_access.log","splunkd_ui_access"
"127.0.0.1 - admin [16/Jan/2017:19:37:58.238 -0800] ""GET /en-US/splunkd/__raw/services/search/jobs?output_mode=json&id=rt_admin__admin_c3BsdW5rdGVsX2RlbW8__search3_rt_1484610657.22&count=1&_=1484610667206 HTTP/1.1"" 200 7454 ""http://localhost:8000/en-US/app/splunktel_demo/download_dashboard"" ""Mozilla/5.0 (Windows NT 10.0; Win64; x64) AppleWebKit/537.36 (KHTML, like Gecko) Chrome/55.0.2883.87 Safari/537.36"" - 5d767d38b5e765da98ddd5400bcffe88 9ms","_internal","csharp-x1c","C:\Splunk\var\log\splunk\splunkd_ui_access.log","splunkd_ui_access"
"127.0.0.1 - admin [16/Jan/2017:19:37:58.254 -0800] ""GET /en-US/splunkd/__raw/services/search/jobs/rt_admin__admin_c3BsdW5rdGVsX2RlbW8__search3_rt_1484610657.22/results_preview?output_mode=json_cols&show_metadata=true&show_empty_fields=True&offset=0&count=10000&_=1484610667207 HTTP/1.1"" 200 149 ""http://localhost:8000/en-US/app/splunktel_demo/download_dashboard"" ""Mozilla/5.0 (Windows NT 10.0; Win64; x64) AppleWebKit/537.36 (KHTML, like Gecko) Chrome/55.0.2883.87 Safari/537.36"" - 5d767d38b5e765da98ddd5400bcffe88 8ms","_internal","csharp-x1c","C:\Splunk\var\log\splunk\splunkd_ui_access.log","splunkd_ui_access"
"127.0.0.1 - admin [16/Jan/2017:19:38:00.238 -0800] ""GET /en-US/splunkd/__raw/services/search/jobs?output_mode=json&id=rt_admin__admin_c3BsdW5rdGVsX2RlbW8__search3_rt_1484610657.22&count=1&_=1484610667208 HTTP/1.1"" 200 7454 ""http://localhost:8000/en-US/app/splunktel_demo/download_dashboard"" ""Mozilla/5.0 (Windows NT 10.0; Win64; x64) AppleWebKit/537.36 (KHTML, like Gecko) Chrome/55.0.2883.87 Safari/537.36"" - 5d767d38b5e765da98ddd5400bcffe88 8ms","_internal","csharp-x1c","C:\Splunk\var\log\splunk\splunkd_ui_access.log","splunkd_ui_access"
"127.0.0.1 - admin [16/Jan/2017:19:38:02.239 -0800] ""GET /en-US/splunkd/__raw/services/search/jobs?output_mode=json&id=rt_admin__admin_c3BsdW5rdGVsX2RlbW8__search3_rt_1484610657.22&count=1&_=1484610667209 HTTP/1.1"" 200 7454 ""http://localhost:8000/en-US/app/splunktel_demo/download_dashboard"" ""Mozilla/5.0 (Windows NT 10.0; Win64; x64) AppleWebKit/537.36 (KHTML, like Gecko) Chrome/55.0.2883.87 Safari/537.36"" - 5d767d38b5e765da98ddd5400bcffe88 8ms","_internal","csharp-x1c","C:\Splunk\var\log\splunk\splunkd_ui_access.log","splunkd_ui_access"
"127.0.0.1 - admin [16/Jan/2017:19:38:02.255 -0800] ""GET /en-US/splunkd/__raw/services/search/jobs/rt_admin__admin_c3BsdW5rdGVsX2RlbW8__search3_rt_1484610657.22/results_preview?output_mode=json_cols&show_metadata=true&show_empty_fields=True&offset=0&count=10000&_=1484610667210 HTTP/1.1"" 200 149 ""http://localhost:8000/en-US/app/splunktel_demo/download_dashboard"" ""Mozilla/5.0 (Windows NT 10.0; Win64; x64) AppleWebKit/537.36 (KHTML, like Gecko) Chrome/55.0.2883.87 Safari/537.36"" - 5d767d38b5e765da98ddd5400bcffe88 9ms","_internal","csharp-x1c","C:\Splunk\var\log\splunk\splunkd_ui_access.log","splunkd_ui_access"
"127.0.0.1 - admin [16/Jan/2017:19:38:04.238 -0800] ""GET /en-US/splunkd/__raw/services/search/jobs?output_mode=json&id=rt_admin__admin_c3BsdW5rdGVsX2RlbW8__search3_rt_1484610657.22&count=1&_=1484610667211 HTTP/1.1"" 200 7454 ""http://localhost:8000/en-US/app/splunktel_demo/download_dashboard"" ""Mozilla/5.0 (Windows NT 10.0; Win64; x64) AppleWebKit/537.36 (KHTML, like Gecko) Chrome/55.0.2883.87 Safari/537.36"" - 5d767d38b5e765da98ddd5400bcffe88 9ms","_internal","csharp-x1c","C:\Splunk\var\log\splunk\splunkd_ui_access.log","splunkd_ui_access"
"127.0.0.1 - admin [16/Jan/2017:19:38:04.254 -0800] ""GET /en-US/splunkd/__raw/services/search/jobs/rt_admin__admin_c3BsdW5rdGVsX2RlbW8__search3_rt_1484610657.22/results_preview?output_mode=json_cols&show_metadata=true&show_empty_fields=True&offset=0&count=10000&_=1484610667212 HTTP/1.1"" 200 149 ""http://localhost:8000/en-US/app/splunktel_demo/download_dashboard"" ""Mozilla/5.0 (Windows NT 10.0; Win64; x64) AppleWebKit/537.36 (KHTML, like Gecko) Chrome/55.0.2883.87 Safari/537.36"" - 5d767d38b5e765da98ddd5400bcffe88 11ms","_internal","csharp-x1c","C:\Splunk\var\log\splunk\splunkd_ui_access.log","splunkd_ui_access"
"127.0.0.1 - admin [16/Jan/2017:19:38:06.239 -0800] ""GET /en-US/splunkd/__raw/services/search/jobs?output_mode=json&id=rt_admin__admin_c3BsdW5rdGVsX2RlbW8__search3_rt_1484610657.22&count=1&_=1484610667213 HTTP/1.1"" 200 7454 ""http://localhost:8000/en-US/app/splunktel_demo/download_dashboard"" ""Mozilla/5.0 (Windows NT 10.0; Win64; x64) AppleWebKit/537.36 (KHTML, like Gecko) Chrome/55.0.2883.87 Safari/537.36"" - 5d767d38b5e765da98ddd5400bcffe88 8ms","_internal","csharp-x1c","C:\Splunk\var\log\splunk\splunkd_ui_access.log","splunkd_ui_access"
"127.0.0.1 - admin [16/Jan/2017:19:38:08.238 -0800] ""GET /en-US/splunkd/__raw/services/search/jobs?output_mode=json&id=rt_admin__admin_c3BsdW5rdGVsX2RlbW8__search3_rt_1484610657.22&count=1&_=1484610667214 HTTP/1.1"" 200 7454 ""http://localhost:8000/en-US/app/splunktel_demo/download_dashboard"" ""Mozilla/5.0 (Windows NT 10.0; Win64; x64) AppleWebKit/537.36 (KHTML, like Gecko) Chrome/55.0.2883.87 Safari/537.36"" - 5d767d38b5e765da98ddd5400bcffe88 8ms","_internal","csharp-x1c","C:\Splunk\var\log\splunk\splunkd_ui_access.log","splunkd_ui_access"
"127.0.0.1 - admin [16/Jan/2017:19:38:08.253 -0800] ""GET /en-US/splunkd/__raw/services/search/jobs/rt_admin__admin_c3BsdW5rdGVsX2RlbW8__search3_rt_1484610657.22/results_preview?output_mode=json_cols&show_metadata=true&show_empty_fields=True&offset=0&count=10000&_=1484610667215 HTTP/1.1"" 200 149 ""http://localhost:8000/en-US/app/splunktel_demo/download_dashboard"" ""Mozilla/5.0 (Windows NT 10.0; Win64; x64) AppleWebKit/537.36 (KHTML, like Gecko) Chrome/55.0.2883.87 Safari/537.36"" - 5d767d38b5e765da98ddd5400bcffe88 12ms","_internal","csharp-x1c","C:\Splunk\var\log\splunk\splunkd_ui_access.log","splunkd_ui_access"
"127.0.0.1 - admin [16/Jan/2017:19:38:10.239 -0800] ""GET /en-US/splunkd/__raw/services/search/jobs?output_mode=json&id=rt_admin__admin_c3BsdW5rdGVsX2RlbW8__search3_rt_1484610657.22&count=1&_=1484610667216 HTTP/1.1"" 200 7454 ""http://localhost:8000/en-US/app/splunktel_demo/download_dashboard"" ""Mozilla/5.0 (Windows NT 10.0; Win64; x64) AppleWebKit/537.36 (KHTML, like Gecko) Chrome/55.0.2883.87 Safari/537.36"" - 5d767d38b5e765da98ddd5400bcffe88 12ms","_internal","csharp-x1c","C:\Splunk\var\log\splunk\splunkd_ui_access.log","splunkd_ui_access"
"127.0.0.1 - admin [16/Jan/2017:19:38:10.257 -0800] ""GET /en-US/splunkd/__raw/services/search/jobs/rt_admin__admin_c3BsdW5rdGVsX2RlbW8__search3_rt_1484610657.22/results_preview?output_mode=json_cols&show_metadata=true&show_empty_fields=True&offset=0&count=10000&_=1484610667217 HTTP/1.1"" 200 149 ""http://localhost:8000/en-US/app/splunktel_demo/download_dashboard"" ""Mozilla/5.0 (Windows NT 10.0; Win64; x64) AppleWebKit/537.36 (KHTML, like Gecko) Chrome/55.0.2883.87 Safari/537.36"" - 5d767d38b5e765da98ddd5400bcffe88 9ms","_internal","csharp-x1c","C:\Splunk\var\log\splunk\splunkd_ui_access.log","splunkd_ui_access"
"127.0.0.1 - admin [16/Jan/2017:19:38:12.238 -0800] ""GET /en-US/splunkd/__raw/services/search/jobs?output_mode=json&id=rt_admin__admin_c3BsdW5rdGVsX2RlbW8__search3_rt_1484610657.22&count=1&_=1484610667218 HTTP/1.1"" 200 7454 ""http://localhost:8000/en-US/app/splunktel_demo/download_dashboard"" ""Mozilla/5.0 (Windows NT 10.0; Win64; x64) AppleWebKit/537.36 (KHTML, like Gecko) Chrome/55.0.2883.87 Safari/537.36"" - 5d767d38b5e765da98ddd5400bcffe88 8ms","_internal","csharp-x1c","C:\Splunk\var\log\splunk\splunkd_ui_access.log","splunkd_ui_access"
"127.0.0.1 - admin [16/Jan/2017:19:38:14.239 -0800] ""GET /en-US/splunkd/__raw/services/search/jobs?output_mode=json&id=rt_admin__admin_c3BsdW5rdGVsX2RlbW8__search3_rt_1484610657.22&count=1&_=1484610667219 HTTP/1.1"" 200 7454 ""http://localhost:8000/en-US/app/splunktel_demo/download_dashboard"" ""Mozilla/5.0 (Windows NT 10.0; Win64; x64) AppleWebKit/537.36 (KHTML, like Gecko) Chrome/55.0.2883.87 Safari/537.36"" - 5d767d38b5e765da98ddd5400bcffe88 8ms","_internal","csharp-x1c","C:\Splunk\var\log\splunk\splunkd_ui_access.log","splunkd_ui_access"
"127.0.0.1 - admin [16/Jan/2017:19:38:14.255 -0800] ""GET /en-US/splunkd/__raw/services/search/jobs/rt_admin__admin_c3BsdW5rdGVsX2RlbW8__search3_rt_1484610657.22/results_preview?output_mode=json_cols&show_metadata=true&show_empty_fields=True&offset=0&count=10000&_=1484610667220 HTTP/1.1"" 200 149 ""http://localhost:8000/en-US/app/splunktel_demo/download_dashboard"" ""Mozilla/5.0 (Windows NT 10.0; Win64; x64) AppleWebKit/537.36 (KHTML, like Gecko) Chrome/55.0.2883.87 Safari/537.36"" - 5d767d38b5e765da98ddd5400bcffe88 10ms","_internal","csharp-x1c","C:\Splunk\var\log\splunk\splunkd_ui_access.log","splunkd_ui_access"
"127.0.0.1 - admin [16/Jan/2017:19:38:16.238 -0800] ""GET /en-US/splunkd/__raw/services/search/jobs?output_mode=json&id=rt_admin__admin_c3BsdW5rdGVsX2RlbW8__search3_rt_1484610657.22&count=1&_=1484610667221 HTTP/1.1"" 200 7454 ""http://localhost:8000/en-US/app/splunktel_demo/download_dashboard"" ""Mozilla/5.0 (Windows NT 10.0; Win64; x64) AppleWebKit/537.36 (KHTML, like Gecko) Chrome/55.0.2883.87 Safari/537.36"" - 5d767d38b5e765da98ddd5400bcffe88 9ms","_internal","csharp-x1c","C:\Splunk\var\log\splunk\splunkd_ui_access.log","splunkd_ui_access"
"127.0.0.1 - admin [16/Jan/2017:19:38:16.254 -0800] ""GET /en-US/splunkd/__raw/services/search/jobs/rt_admin__admin_c3BsdW5rdGVsX2RlbW8__search3_rt_1484610657.22/results_preview?output_mode=json_cols&show_metadata=true&show_empty_fields=True&offset=0&count=10000&_=1484610667222 HTTP/1.1"" 200 149 ""http://localhost:8000/en-US/app/splunktel_demo/download_dashboard"" ""Mozilla/5.0 (Windows NT 10.0; Win64; x64) AppleWebKit/537.36 (KHTML, like Gecko) Chrome/55.0.2883.87 Safari/537.36"" - 5d767d38b5e765da98ddd5400bcffe88 10ms","_internal","csharp-x1c","C:\Splunk\var\log\splunk\splunkd_ui_access.log","splunkd_ui_access"
"127.0.0.1 - admin [16/Jan/2017:19:38:18.239 -0800] ""GET /en-US/splunkd/__raw/services/search/jobs?output_mode=json&id=rt_admin__admin_c3BsdW5rdGVsX2RlbW8__search3_rt_1484610657.22&count=1&_=1484610667223 HTTP/1.1"" 200 7454 ""http://localhost:8000/en-US/app/splunktel_demo/download_dashboard"" ""Mozilla/5.0 (Windows NT 10.0; Win64; x64) AppleWebKit/537.36 (KHTML, like Gecko) Chrome/55.0.2883.87 Safari/537.36"" - 5d767d38b5e765da98ddd5400bcffe88 10ms","_internal","csharp-x1c","C:\Splunk\var\log\splunk\splunkd_ui_access.log","splunkd_ui_access"
"127.0.0.1 - admin [16/Jan/2017:19:38:20.239 -0800] ""GET /en-US/splunkd/__raw/services/search/jobs?output_mode=json&id=rt_admin__admin_c3BsdW5rdGVsX2RlbW8__search3_rt_1484610657.22&count=1&_=1484610667224 HTTP/1.1"" 200 7454 ""http://localhost:8000/en-US/app/splunktel_demo/download_dashboard"" ""Mozilla/5.0 (Windows NT 10.0; Win64; x64) AppleWebKit/537.36 (KHTML, like Gecko) Chrome/55.0.2883.87 Safari/537.36"" - 5d767d38b5e765da98ddd5400bcffe88 10ms","_internal","csharp-x1c","C:\Splunk\var\log\splunk\splunkd_ui_access.log","splunkd_ui_access"
"127.0.0.1 - admin [16/Jan/2017:19:38:20.258 -0800] ""GET /en-US/splunkd/__raw/services/search/jobs/rt_admin__admin_c3BsdW5rdGVsX2RlbW8__search3_rt_1484610657.22/results_preview?output_mode=json_cols&show_metadata=true&show_empty_fields=True&offset=0&count=10000&_=1484610667225 HTTP/1.1"" 200 149 ""http://localhost:8000/en-US/app/splunktel_demo/download_dashboard"" ""Mozilla/5.0 (Windows NT 10.0; Win64; x64) AppleWebKit/537.36 (KHTML, like Gecko) Chrome/55.0.2883.87 Safari/537.36"" - 5d767d38b5e765da98ddd5400bcffe88 9ms","_internal","csharp-x1c","C:\Splunk\var\log\splunk\splunkd_ui_access.log","splunkd_ui_access"
"127.0.0.1 - admin [16/Jan/2017:19:38:22.238 -0800] ""GET /en-US/splunkd/__raw/services/search/jobs?output_mode=json&id=rt_admin__admin_c3BsdW5rdGVsX2RlbW8__search3_rt_1484610657.22&count=1&_=1484610667226 HTTP/1.1"" 200 7454 ""http://localhost:8000/en-US/app/splunktel_demo/download_dashboard"" ""Mozilla/5.0 (Windows NT 10.0; Win64; x64) AppleWebKit/537.36 (KHTML, like Gecko) Chrome/55.0.2883.87 Safari/537.36"" - 5d767d38b5e765da98ddd5400bcffe88 9ms","_internal","csharp-x1c","C:\Splunk\var\log\splunk\splunkd_ui_access.log","splunkd_ui_access"
"127.0.0.1 - admin [16/Jan/2017:19:38:22.254 -0800] ""GET /en-US/splunkd/__raw/services/search/jobs/rt_admin__admin_c3BsdW5rdGVsX2RlbW8__search3_rt_1484610657.22/results_preview?output_mode=json_cols&show_metadata=true&show_empty_fields=True&offset=0&count=10000&_=1484610667227 HTTP/1.1"" 200 149 ""http://localhost:8000/en-US/app/splunktel_demo/download_dashboard"" ""Mozilla/5.0 (Windows NT 10.0; Win64; x64) AppleWebKit/537.36 (KHTML, like Gecko) Chrome/55.0.2883.87 Safari/537.36"" - 5d767d38b5e765da98ddd5400bcffe88 9ms","_internal","csharp-x1c","C:\Splunk\var\log\splunk\splunkd_ui_access.log","splunkd_ui_access"
"127.0.0.1 - admin [16/Jan/2017:19:38:24.238 -0800] ""GET /en-US/splunkd/__raw/services/search/jobs?output_mode=json&id=rt_admin__admin_c3BsdW5rdGVsX2RlbW8__search3_rt_1484610657.22&count=1&_=1484610667228 HTTP/1.1"" 200 7454 ""http://localhost:8000/en-US/app/splunktel_demo/download_dashboard"" ""Mozilla/5.0 (Windows NT 10.0; Win64; x64) AppleWebKit/537.36 (KHTML, like Gecko) Chrome/55.0.2883.87 Safari/537.36"" - 5d767d38b5e765da98ddd5400bcffe88 9ms","_internal","csharp-x1c","C:\Splunk\var\log\splunk\splunkd_ui_access.log","splunkd_ui_access"
"127.0.0.1 - admin [16/Jan/2017:19:38:26.239 -0800] ""GET /en-US/splunkd/__raw/services/search/jobs?output_mode=json&id=rt_admin__admin_c3BsdW5rdGVsX2RlbW8__search3_rt_1484610657.22&count=1&_=1484610667229 HTTP/1.1"" 200 7454 ""http://localhost:8000/en-US/app/splunktel_demo/download_dashboard"" ""Mozilla/5.0 (Windows NT 10.0; Win64; x64) AppleWebKit/537.36 (KHTML, like Gecko) Chrome/55.0.2883.87 Safari/537.36"" - 5d767d38b5e765da98ddd5400bcffe88 8ms","_internal","csharp-x1c","C:\Splunk\var\log\splunk\splunkd_ui_access.log","splunkd_ui_access"
"127.0.0.1 - admin [16/Jan/2017:19:38:26.255 -0800] ""GET /en-US/splunkd/__raw/services/search/jobs/rt_admin__admin_c3BsdW5rdGVsX2RlbW8__search3_rt_1484610657.22/results_preview?output_mode=json_cols&show_metadata=true&show_empty_fields=True&offset=0&count=10000&_=1484610667230 HTTP/1.1"" 200 149 ""http://localhost:8000/en-US/app/splunktel_demo/download_dashboard"" ""Mozilla/5.0 (Windows NT 10.0; Win64; x64) AppleWebKit/537.36 (KHTML, like Gecko) Chrome/55.0.2883.87 Safari/537.36"" - 5d767d38b5e765da98ddd5400bcffe88 10ms","_internal","csharp-x1c","C:\Splunk\var\log\splunk\splunkd_ui_access.log","splunkd_ui_access"
"127.0.0.1 - admin [16/Jan/2017:19:38:28.238 -0800] ""GET /en-US/splunkd/__raw/services/search/jobs?output_mode=json&id=rt_admin__admin_c3BsdW5rdGVsX2RlbW8__search3_rt_1484610657.22&count=1&_=1484610667231 HTTP/1.1"" 200 7454 ""http://localhost:8000/en-US/app/splunktel_demo/download_dashboard"" ""Mozilla/5.0 (Windows NT 10.0; Win64; x64) AppleWebKit/537.36 (KHTML, like Gecko) Chrome/55.0.2883.87 Safari/537.36"" - 5d767d38b5e765da98ddd5400bcffe88 12ms","_internal","csharp-x1c","C:\Splunk\var\log\splunk\splunkd_ui_access.log","splunkd_ui_access"
"127.0.0.1 - admin [16/Jan/2017:19:38:28.257 -0800] ""GET /en-US/splunkd/__raw/services/search/jobs/rt_admin__admin_c3BsdW5rdGVsX2RlbW8__search3_rt_1484610657.22/results_preview?output_mode=json_cols&show_metadata=true&show_empty_fields=True&offset=0&count=10000&_=1484610667232 HTTP/1.1"" 200 149 ""http://localhost:8000/en-US/app/splunktel_demo/download_dashboard"" ""Mozilla/5.0 (Windows NT 10.0; Win64; x64) AppleWebKit/537.36 (KHTML, like Gecko) Chrome/55.0.2883.87 Safari/537.36"" - 5d767d38b5e765da98ddd5400bcffe88 8ms","_internal","csharp-x1c","C:\Splunk\var\log\splunk\splunkd_ui_access.log","splunkd_ui_access"
"127.0.0.1 - admin [16/Jan/2017:19:38:30.239 -0800] ""GET /en-US/splunkd/__raw/services/search/jobs?output_mode=json&id=rt_admin__admin_c3BsdW5rdGVsX2RlbW8__search3_rt_1484610657.22&count=1&_=1484610667233 HTTP/1.1"" 200 7454 ""http://localhost:8000/en-US/app/splunktel_demo/download_dashboard"" ""Mozilla/5.0 (Windows NT 10.0; Win64; x64) AppleWebKit/537.36 (KHTML, like Gecko) Chrome/55.0.2883.87 Safari/537.36"" - 5d767d38b5e765da98ddd5400bcffe88 10ms","_internal","csharp-x1c","C:\Splunk\var\log\splunk\splunkd_ui_access.log","splunkd_ui_access"
"127.0.0.1 - admin [16/Jan/2017:19:38:32.238 -0800] ""GET /en-US/splunkd/__raw/services/search/jobs?output_mode=json&id=rt_admin__admin_c3BsdW5rdGVsX2RlbW8__search3_rt_1484610657.22&count=1&_=1484610667234 HTTP/1.1"" 200 7454 ""http://localhost:8000/en-US/app/splunktel_demo/download_dashboard"" ""Mozilla/5.0 (Windows NT 10.0; Win64; x64) AppleWebKit/537.36 (KHTML, like Gecko) Chrome/55.0.2883.87 Safari/537.36"" - 5d767d38b5e765da98ddd5400bcffe88 8ms","_internal","csharp-x1c","C:\Splunk\var\log\splunk\splunkd_ui_access.log","splunkd_ui_access"
"127.0.0.1 - admin [16/Jan/2017:19:38:32.255 -0800] ""GET /en-US/splunkd/__raw/services/search/jobs/rt_admin__admin_c3BsdW5rdGVsX2RlbW8__search3_rt_1484610657.22/results_preview?output_mode=json_cols&show_metadata=true&show_empty_fields=True&offset=0&count=10000&_=1484610667235 HTTP/1.1"" 200 149 ""http://localhost:8000/en-US/app/splunktel_demo/download_dashboard"" ""Mozilla/5.0 (Windows NT 10.0; Win64; x64) AppleWebKit/537.36 (KHTML, like Gecko) Chrome/55.0.2883.87 Safari/537.36"" - 5d767d38b5e765da98ddd5400bcffe88 9ms","_internal","csharp-x1c","C:\Splunk\var\log\splunk\splunkd_ui_access.log","splunkd_ui_access"
"127.0.0.1 - admin [16/Jan/2017:19:38:34.238 -0800] ""GET /en-US/splunkd/__raw/services/search/jobs?output_mode=json&id=rt_admin__admin_c3BsdW5rdGVsX2RlbW8__search3_rt_1484610657.22&count=1&_=1484610667236 HTTP/1.1"" 200 7454 ""http://localhost:8000/en-US/app/splunktel_demo/download_dashboard"" ""Mozilla/5.0 (Windows NT 10.0; Win64; x64) AppleWebKit/537.36 (KHTML, like Gecko) Chrome/55.0.2883.87 Safari/537.36"" - 5d767d38b5e765da98ddd5400bcffe88 8ms","_internal","csharp-x1c","C:\Splunk\var\log\splunk\splunkd_ui_access.log","splunkd_ui_access"
"127.0.0.1 - admin [16/Jan/2017:19:38:34.253 -0800] ""GET /en-US/splunkd/__raw/services/search/jobs/rt_admin__admin_c3BsdW5rdGVsX2RlbW8__search3_rt_1484610657.22/results_preview?output_mode=json_cols&show_metadata=true&show_empty_fields=True&offset=0&count=10000&_=1484610667237 HTTP/1.1"" 200 149 ""http://localhost:8000/en-US/app/splunktel_demo/download_dashboard"" ""Mozilla/5.0 (Windows NT 10.0; Win64; x64) AppleWebKit/537.36 (KHTML, like Gecko) Chrome/55.0.2883.87 Safari/537.36"" - 5d767d38b5e765da98ddd5400bcffe88 10ms","_internal","csharp-x1c","C:\Splunk\var\log\splunk\splunkd_ui_access.log","splunkd_ui_access"
"127.0.0.1 - admin [16/Jan/2017:19:38:36.238 -0800] ""GET /en-US/splunkd/__raw/services/search/jobs?output_mode=json&id=rt_admin__admin_c3BsdW5rdGVsX2RlbW8__search3_rt_1484610657.22&count=1&_=1484610667238 HTTP/1.1"" 200 7454 ""http://localhost:8000/en-US/app/splunktel_demo/download_dashboard"" ""Mozilla/5.0 (Windows NT 10.0; Win64; x64) AppleWebKit/537.36 (KHTML, like Gecko) Chrome/55.0.2883.87 Safari/537.36"" - 5d767d38b5e765da98ddd5400bcffe88 8ms","_internal","csharp-x1c","C:\Splunk\var\log\splunk\splunkd_ui_access.log","splunkd_ui_access"
"127.0.0.1 - admin [16/Jan/2017:19:38:38.238 -0800] ""GET /en-US/splunkd/__raw/services/search/jobs?output_mode=json&id=rt_admin__admin_c3BsdW5rdGVsX2RlbW8__search3_rt_1484610657.22&count=1&_=1484610667239 HTTP/1.1"" 200 7454 ""http://localhost:8000/en-US/app/splunktel_demo/download_dashboard"" ""Mozilla/5.0 (Windows NT 10.0; Win64; x64) AppleWebKit/537.36 (KHTML, like Gecko) Chrome/55.0.2883.87 Safari/537.36"" - 5d767d38b5e765da98ddd5400bcffe88 8ms","_internal","csharp-x1c","C:\Splunk\var\log\splunk\splunkd_ui_access.log","splunkd_ui_access"
"127.0.0.1 - admin [16/Jan/2017:19:38:38.251 -0800] ""GET /en-US/splunkd/__raw/services/search/jobs/rt_admin__admin_c3BsdW5rdGVsX2RlbW8__search3_rt_1484610657.22/results_preview?output_mode=json_cols&show_metadata=true&show_empty_fields=True&offset=0&count=10000&_=1484610667240 HTTP/1.1"" 200 149 ""http://localhost:8000/en-US/app/splunktel_demo/download_dashboard"" ""Mozilla/5.0 (Windows NT 10.0; Win64; x64) AppleWebKit/537.36 (KHTML, like Gecko) Chrome/55.0.2883.87 Safari/537.36"" - 5d767d38b5e765da98ddd5400bcffe88 9ms","_internal","csharp-x1c","C:\Splunk\var\log\splunk\splunkd_ui_access.log","splunkd_ui_access"
"127.0.0.1 - admin [16/Jan/2017:19:38:40.239 -0800] ""GET /en-US/splunkd/__raw/services/search/jobs?output_mode=json&id=rt_admin__admin_c3BsdW5rdGVsX2RlbW8__search3_rt_1484610657.22&count=1&_=1484610667241 HTTP/1.1"" 200 7454 ""http://localhost:8000/en-US/app/splunktel_demo/download_dashboard"" ""Mozilla/5.0 (Windows NT 10.0; Win64; x64) AppleWebKit/537.36 (KHTML, like Gecko) Chrome/55.0.2883.87 Safari/537.36"" - 5d767d38b5e765da98ddd5400bcffe88 8ms","_internal","csharp-x1c","C:\Splunk\var\log\splunk\splunkd_ui_access.log","splunkd_ui_access"
"127.0.0.1 - admin [16/Jan/2017:19:38:40.252 -0800] ""GET /en-US/splunkd/__raw/services/search/jobs/rt_admin__admin_c3BsdW5rdGVsX2RlbW8__search3_rt_1484610657.22/results_preview?output_mode=json_cols&show_metadata=true&show_empty_fields=True&offset=0&count=10000&_=1484610667242 HTTP/1.1"" 200 149 ""http://localhost:8000/en-US/app/splunktel_demo/download_dashboard"" ""Mozilla/5.0 (Windows NT 10.0; Win64; x64) AppleWebKit/537.36 (KHTML, like Gecko) Chrome/55.0.2883.87 Safari/537.36"" - 5d767d38b5e765da98ddd5400bcffe88 9ms","_internal","csharp-x1c","C:\Splunk\var\log\splunk\splunkd_ui_access.log","splunkd_ui_access"
"127.0.0.1 - admin [16/Jan/2017:19:38:42.238 -0800] ""GET /en-US/splunkd/__raw/services/search/jobs?output_mode=json&id=rt_admin__admin_c3BsdW5rdGVsX2RlbW8__search3_rt_1484610657.22&count=1&_=1484610667243 HTTP/1.1"" 200 7454 ""http://localhost:8000/en-US/app/splunktel_demo/download_dashboard"" ""Mozilla/5.0 (Windows NT 10.0; Win64; x64) AppleWebKit/537.36 (KHTML, like Gecko) Chrome/55.0.2883.87 Safari/537.36"" - 5d767d38b5e765da98ddd5400bcffe88 8ms","_internal","csharp-x1c","C:\Splunk\var\log\splunk\splunkd_ui_access.log","splunkd_ui_access"
"127.0.0.1 - admin [16/Jan/2017:19:38:44.238 -0800] ""GET /en-US/splunkd/__raw/services/search/jobs?output_mode=json&id=rt_admin__admin_c3BsdW5rdGVsX2RlbW8__search3_rt_1484610657.22&count=1&_=1484610667244 HTTP/1.1"" 200 7454 ""http://localhost:8000/en-US/app/splunktel_demo/download_dashboard"" ""Mozilla/5.0 (Windows NT 10.0; Win64; x64) AppleWebKit/537.36 (KHTML, like Gecko) Chrome/55.0.2883.87 Safari/537.36"" - 5d767d38b5e765da98ddd5400bcffe88 9ms","_internal","csharp-x1c","C:\Splunk\var\log\splunk\splunkd_ui_access.log","splunkd_ui_access"
"127.0.0.1 - admin [16/Jan/2017:19:38:44.254 -0800] ""GET /en-US/splunkd/__raw/services/search/jobs/rt_admin__admin_c3BsdW5rdGVsX2RlbW8__search3_rt_1484610657.22/results_preview?output_mode=json_cols&show_metadata=true&show_empty_fields=True&offset=0&count=10000&_=1484610667245 HTTP/1.1"" 200 149 ""http://localhost:8000/en-US/app/splunktel_demo/download_dashboard"" ""Mozilla/5.0 (Windows NT 10.0; Win64; x64) AppleWebKit/537.36 (KHTML, like Gecko) Chrome/55.0.2883.87 Safari/537.36"" - 5d767d38b5e765da98ddd5400bcffe88 8ms","_internal","csharp-x1c","C:\Splunk\var\log\splunk\splunkd_ui_access.log","splunkd_ui_access"
"127.0.0.1 - admin [16/Jan/2017:19:38:46.239 -0800] ""GET /en-US/splunkd/__raw/services/search/jobs?output_mode=json&id=rt_admin__admin_c3BsdW5rdGVsX2RlbW8__search3_rt_1484610657.22&count=1&_=1484610667246 HTTP/1.1"" 200 7454 ""http://localhost:8000/en-US/app/splunktel_demo/download_dashboard"" ""Mozilla/5.0 (Windows NT 10.0; Win64; x64) AppleWebKit/537.36 (KHTML, like Gecko) Chrome/55.0.2883.87 Safari/537.36"" - 5d767d38b5e765da98ddd5400bcffe88 8ms","_internal","csharp-x1c","C:\Splunk\var\log\splunk\splunkd_ui_access.log","splunkd_ui_access"
"127.0.0.1 - admin [16/Jan/2017:19:38:46.257 -0800] ""GET /en-US/splunkd/__raw/services/search/jobs/rt_admin__admin_c3BsdW5rdGVsX2RlbW8__search3_rt_1484610657.22/results_preview?output_mode=json_cols&show_metadata=true&show_empty_fields=True&offset=0&count=10000&_=1484610667247 HTTP/1.1"" 200 149 ""http://localhost:8000/en-US/app/splunktel_demo/download_dashboard"" ""Mozilla/5.0 (Windows NT 10.0; Win64; x64) AppleWebKit/537.36 (KHTML, like Gecko) Chrome/55.0.2883.87 Safari/537.36"" - 5d767d38b5e765da98ddd5400bcffe88 10ms","_internal","csharp-x1c","C:\Splunk\var\log\splunk\splunkd_ui_access.log","splunkd_ui_access"
"127.0.0.1 - admin [16/Jan/2017:19:38:48.239 -0800] ""GET /en-US/splunkd/__raw/services/search/jobs?output_mode=json&id=rt_admin__admin_c3BsdW5rdGVsX2RlbW8__search3_rt_1484610657.22&count=1&_=1484610667248 HTTP/1.1"" 200 7454 ""http://localhost:8000/en-US/app/splunktel_demo/download_dashboard"" ""Mozilla/5.0 (Windows NT 10.0; Win64; x64) AppleWebKit/537.36 (KHTML, like Gecko) Chrome/55.0.2883.87 Safari/537.36"" - 5d767d38b5e765da98ddd5400bcffe88 10ms","_internal","csharp-x1c","C:\Splunk\var\log\splunk\splunkd_ui_access.log","splunkd_ui_access"
"127.0.0.1 - admin [16/Jan/2017:19:38:50.239 -0800] ""GET /en-US/splunkd/__raw/services/search/jobs?output_mode=json&id=rt_admin__admin_c3BsdW5rdGVsX2RlbW8__search3_rt_1484610657.22&count=1&_=1484610667249 HTTP/1.1"" 200 7454 ""http://localhost:8000/en-US/app/splunktel_demo/download_dashboard"" ""Mozilla/5.0 (Windows NT 10.0; Win64; x64) AppleWebKit/537.36 (KHTML, like Gecko) Chrome/55.0.2883.87 Safari/537.36"" - 5d767d38b5e765da98ddd5400bcffe88 9ms","_internal","csharp-x1c","C:\Splunk\var\log\splunk\splunkd_ui_access.log","splunkd_ui_access"
"127.0.0.1 - admin [16/Jan/2017:19:38:50.256 -0800] ""GET /en-US/splunkd/__raw/services/search/jobs/rt_admin__admin_c3BsdW5rdGVsX2RlbW8__search3_rt_1484610657.22/results_preview?output_mode=json_cols&show_metadata=true&show_empty_fields=True&offset=0&count=10000&_=1484610667250 HTTP/1.1"" 200 149 ""http://localhost:8000/en-US/app/splunktel_demo/download_dashboard"" ""Mozilla/5.0 (Windows NT 10.0; Win64; x64) AppleWebKit/537.36 (KHTML, like Gecko) Chrome/55.0.2883.87 Safari/537.36"" - 5d767d38b5e765da98ddd5400bcffe88 9ms","_internal","csharp-x1c","C:\Splunk\var\log\splunk\splunkd_ui_access.log","splunkd_ui_access"
"127.0.0.1 - admin [16/Jan/2017:19:38:52.238 -0800] ""GET /en-US/splunkd/__raw/services/search/jobs?output_mode=json&id=rt_admin__admin_c3BsdW5rdGVsX2RlbW8__search3_rt_1484610657.22&count=1&_=1484610667251 HTTP/1.1"" 200 7454 ""http://localhost:8000/en-US/app/splunktel_demo/download_dashboard"" ""Mozilla/5.0 (Windows NT 10.0; Win64; x64) AppleWebKit/537.36 (KHTML, like Gecko) Chrome/55.0.2883.87 Safari/537.36"" - 5d767d38b5e765da98ddd5400bcffe88 10ms","_internal","csharp-x1c","C:\Splunk\var\log\splunk\splunkd_ui_access.log","splunkd_ui_access"
"127.0.0.1 - admin [16/Jan/2017:19:38:52.256 -0800] ""GET /en-US/splunkd/__raw/services/search/jobs/rt_admin__admin_c3BsdW5rdGVsX2RlbW8__search3_rt_1484610657.22/results_preview?output_mode=json_cols&show_metadata=true&show_empty_fields=True&offset=0&count=10000&_=1484610667252 HTTP/1.1"" 200 149 ""http://localhost:8000/en-US/app/splunktel_demo/download_dashboard"" ""Mozilla/5.0 (Windows NT 10.0; Win64; x64) AppleWebKit/537.36 (KHTML, like Gecko) Chrome/55.0.2883.87 Safari/537.36"" - 5d767d38b5e765da98ddd5400bcffe88 11ms","_internal","csharp-x1c","C:\Splunk\var\log\splunk\splunkd_ui_access.log","splunkd_ui_access"
"127.0.0.1 - admin [16/Jan/2017:19:38:54.238 -0800] ""GET /en-US/splunkd/__raw/services/search/jobs?output_mode=json&id=rt_admin__admin_c3BsdW5rdGVsX2RlbW8__search3_rt_1484610657.22&count=1&_=1484610667253 HTTP/1.1"" 200 7454 ""http://localhost:8000/en-US/app/splunktel_demo/download_dashboard"" ""Mozilla/5.0 (Windows NT 10.0; Win64; x64) AppleWebKit/537.36 (KHTML, like Gecko) Chrome/55.0.2883.87 Safari/537.36"" - 5d767d38b5e765da98ddd5400bcffe88 9ms","_internal","csharp-x1c","C:\Splunk\var\log\splunk\splunkd_ui_access.log","splunkd_ui_access"
"127.0.0.1 - admin [16/Jan/2017:19:38:56.238 -0800] ""GET /en-US/splunkd/__raw/services/search/jobs?output_mode=json&id=rt_admin__admin_c3BsdW5rdGVsX2RlbW8__search3_rt_1484610657.22&count=1&_=1484610667254 HTTP/1.1"" 200 7454 ""http://localhost:8000/en-US/app/splunktel_demo/download_dashboard"" ""Mozilla/5.0 (Windows NT 10.0; Win64; x64) AppleWebKit/537.36 (KHTML, like Gecko) Chrome/55.0.2883.87 Safari/537.36"" - 5d767d38b5e765da98ddd5400bcffe88 10ms","_internal","csharp-x1c","C:\Splunk\var\log\splunk\splunkd_ui_access.log","splunkd_ui_access"
"127.0.0.1 - admin [16/Jan/2017:19:38:56.255 -0800] ""GET /en-US/splunkd/__raw/services/search/jobs/rt_admin__admin_c3BsdW5rdGVsX2RlbW8__search3_rt_1484610657.22/results_preview?output_mode=json_cols&show_metadata=true&show_empty_fields=True&offset=0&count=10000&_=1484610667255 HTTP/1.1"" 200 149 ""http://localhost:8000/en-US/app/splunktel_demo/download_dashboard"" ""Mozilla/5.0 (Windows NT 10.0; Win64; x64) AppleWebKit/537.36 (KHTML, like Gecko) Chrome/55.0.2883.87 Safari/537.36"" - 5d767d38b5e765da98ddd5400bcffe88 12ms","_internal","csharp-x1c","C:\Splunk\var\log\splunk\splunkd_ui_access.log","splunkd_ui_access"
"127.0.0.1 - admin [16/Jan/2017:19:38:58.239 -0800] ""GET /en-US/splunkd/__raw/services/search/jobs?output_mode=json&id=rt_admin__admin_c3BsdW5rdGVsX2RlbW8__search3_rt_1484610657.22&count=1&_=1484610667256 HTTP/1.1"" 200 7454 ""http://localhost:8000/en-US/app/splunktel_demo/download_dashboard"" ""Mozilla/5.0 (Windows NT 10.0; Win64; x64) AppleWebKit/537.36 (KHTML, like Gecko) Chrome/55.0.2883.87 Safari/537.36"" - 5d767d38b5e765da98ddd5400bcffe88 10ms","_internal","csharp-x1c","C:\Splunk\var\log\splunk\splunkd_ui_access.log","splunkd_ui_access"
"127.0.0.1 - admin [16/Jan/2017:19:38:58.255 -0800] ""GET /en-US/splunkd/__raw/services/search/jobs/rt_admin__admin_c3BsdW5rdGVsX2RlbW8__search3_rt_1484610657.22/results_preview?output_mode=json_cols&show_metadata=true&show_empty_fields=True&offset=0&count=10000&_=1484610667257 HTTP/1.1"" 200 149 ""http://localhost:8000/en-US/app/splunktel_demo/download_dashboard"" ""Mozilla/5.0 (Windows NT 10.0; Win64; x64) AppleWebKit/537.36 (KHTML, like Gecko) Chrome/55.0.2883.87 Safari/537.36"" - 5d767d38b5e765da98ddd5400bcffe88 10ms","_internal","csharp-x1c","C:\Splunk\var\log\splunk\splunkd_ui_access.log","splunkd_ui_access"
